scorer,,,Ali,Ali,Ali,Ali,Ali,Ali,Ali,Ali,Ali,Ali,Ali,Ali,Ali,Ali,Ali,Ali,Ali,Ali,Ali,Ali,Ali,Ali,Ali,Ali,Ali,Ali,Ali,Ali,Ali,Ali,Ali,Ali,Ali,Ali,Ali,Ali,Ali,Ali,Ali,Ali,Ali,Ali
bodyparts,,,Back1,Back1,Back2,Back2,Back3,Back3,Back4,Back4,Head1,Head1,Nose,Nose,Throat3,Throat3,LFF2,LFF2,LFF3,LFF3,LFF5,LFF5,RFF2,RFF2,RFF3,RFF3,RFF5,RFF5,Belly1,Belly1,LHF2,LHF2,LHF3,LHF3,LHF5,LHF5,RHF2,RHF2,RHF3,RHF3,RHF5,RHF5,Tail1,Tail1
coords,,,x,y,x,y,x,y,x,y,x,y,x,y,x,y,x,y,x,y,x,y,x,y,x,y,x,y,x,y,x,y,x,y,x,y,x,y,x,y,x,y,x,y
labeled-data,_0,img000.png,203.0,317.0,335.0,319.0,479.0,316.0,593.0,321.0,663.0,304.0,742.0,399.0,576.0,513.0,,,519.0,561.0,,,542.0,485.0,560.0,568.0,518.0,653.0,339.0,544.0,193.0,475.0,166.0,548.0,165.0,671.0,251.0,497.0,271.0,576.0,,,164.0,532.0
labeled-data,_0,img001.png,206.0,317.0,337.0,319.0,482.0,316.0,596.0,320.0,666.0,304.0,746.0,399.0,579.0,513.0,,,521.0,561.0,,,546.0,486.0,570.0,566.0,529.0,651.0,342.0,544.0,197.0,476.0,169.0,549.0,165.0,671.0,254.0,497.0,272.0,576.0,,,165.0,532.0
labeled-data,_0,img002.png,213.0,317.0,345.0,320.0,488.0,316.0,604.0,318.0,675.0,303.0,755.0,399.0,588.0,512.0,,,525.0,561.0,,,556.0,488.0,592.0,560.0,555.0,647.0,349.0,544.0,204.0,477.0,176.0,549.0,167.0,671.0,262.0,497.0,274.0,577.0,,,168.0,533.0
labeled-data,_0,img003.png,224.0,317.0,355.0,320.0,496.0,316.0,614.0,315.0,687.0,302.0,768.0,398.0,599.0,510.0,,,530.0,560.0,,,569.0,489.0,617.0,551.0,590.0,641.0,358.0,544.0,214.0,478.0,185.0,550.0,168.0,671.0,272.0,497.0,277.0,577.0,,,173.0,533.0
labeled-data,_0,img004.png,235.0,317.0,366.0,320.0,506.0,316.0,626.0,313.0,699.0,302.0,780.0,397.0,612.0,509.0,,,535.0,560.0,,,583.0,490.0,639.0,544.0,628.0,636.0,369.0,544.0,224.0,479.0,194.0,551.0,170.0,670.0,283.0,498.0,280.0,577.0,,,180.0,533.0
labeled-data,_0,img005.png,247.0,317.0,378.0,321.0,517.0,316.0,637.0,312.0,710.0,301.0,791.0,397.0,622.0,509.0,,,538.0,560.0,,,597.0,489.0,652.0,543.0,662.0,633.0,380.0,544.0,232.0,480.0,201.0,551.0,171.0,670.0,292.0,498.0,284.0,576.0,,,188.0,533.0
labeled-data,_0,img006.png,258.0,317.0,388.0,320.0,527.0,316.0,646.0,313.0,720.0,302.0,801.0,397.0,630.0,510.0,,,540.0,560.0,,,610.0,488.0,656.0,554.0,688.0,634.0,,,241.0,478.0,208.0,548.0,172.0,667.0,300.0,498.0,287.0,576.0,,,196.0,533.0
labeled-data,_0,img007.png,267.0,317.0,396.0,320.0,536.0,316.0,655.0,313.0,729.0,302.0,810.0,398.0,636.0,511.0,,,540.0,559.0,,,621.0,487.0,667.0,558.0,706.0,639.0,401.0,542.0,252.0,474.0,217.0,542.0,175.0,663.0,307.0,498.0,289.0,575.0,,,202.0,533.0
labeled-data,_0,img008.png,276.0,317.0,404.0,320.0,545.0,316.0,663.0,314.0,737.0,303.0,819.0,400.0,,,,,541.0,558.0,,,631.0,487.0,673.0,563.0,718.0,646.0,410.0,540.0,259.0,470.0,224.0,538.0,181.0,659.0,312.0,499.0,291.0,574.0,,,208.0,532.0
labeled-data,_0,img009.png,283.0,317.0,411.0,319.0,553.0,315.0,670.0,315.0,745.0,304.0,826.0,401.0,,,,,542.0,558.0,,,639.0,487.0,678.0,568.0,726.0,653.0,418.0,539.0,262.0,468.0,229.0,538.0,187.0,656.0,317.0,499.0,293.0,573.0,,,213.0,532.0
labeled-data,_0,img010.png,291.0,317.0,418.0,319.0,559.0,315.0,676.0,316.0,751.0,305.0,833.0,401.0,,,,,545.0,557.0,,,646.0,487.0,683.0,571.0,,,425.0,538.0,267.0,467.0,234.0,537.0,195.0,653.0,322.0,499.0,296.0,573.0,348.0,685.0,,
labeled-data,_0,img011.png,298.0,317.0,425.0,319.0,566.0,316.0,683.0,316.0,758.0,305.0,840.0,402.0,,,,,549.0,557.0,,,652.0,487.0,688.0,572.0,737.0,657.0,,,,,243.0,533.0,209.0,649.0,327.0,499.0,298.0,572.0,,,227.0,531.0
labeled-data,_0,img012.png,305.0,317.0,432.0,320.0,573.0,317.0,690.0,318.0,765.0,307.0,847.0,404.0,,,,,554.0,558.0,,,656.0,490.0,691.0,573.0,,,437.0,537.0,,,260.0,528.0,235.0,643.0,330.0,498.0,302.0,571.0,,,234.0,531.0
labeled-data,_0,img013.png,312.0,317.0,439.0,320.0,580.0,319.0,697.0,320.0,773.0,309.0,856.0,406.0,,,,,559.0,558.0,,,660.0,493.0,694.0,575.0,,,443.0,537.0,,,282.0,523.0,270.0,638.0,333.0,496.0,305.0,569.0,,,241.0,530.0
labeled-data,_0,img014.png,319.0,317.0,447.0,320.0,588.0,321.0,705.0,321.0,782.0,311.0,865.0,408.0,,,,,563.0,559.0,,,664.0,495.0,696.0,576.0,,,449.0,537.0,,,307.0,521.0,,,337.0,494.0,309.0,567.0,,,248.0,528.0
labeled-data,_0,img015.png,327.0,317.0,455.0,321.0,596.0,321.0,714.0,322.0,791.0,311.0,875.0,409.0,687.0,519.0,,,567.0,558.0,,,669.0,497.0,702.0,576.0,,,456.0,536.0,,,,,358.0,632.0,342.0,493.0,313.0,565.0,,,256.0,527.0
labeled-data,_0,img016.png,336.0,317.0,463.0,320.0,605.0,321.0,723.0,322.0,800.0,311.0,885.0,410.0,695.0,520.0,,,570.0,557.0,,,674.0,497.0,709.0,574.0,,,464.0,536.0,,,,,404.0,633.0,348.0,492.0,318.0,563.0,,,264.0,526.0
labeled-data,_0,img017.png,345.0,317.0,472.0,320.0,614.0,321.0,732.0,322.0,810.0,311.0,895.0,410.0,702.0,520.0,,,575.0,556.0,,,678.0,496.0,711.0,574.0,,,472.0,535.0,,,391.0,537.0,448.0,636.0,354.0,491.0,322.0,561.0,,,270.0,525.0
labeled-data,_0,img018.png,354.0,316.0,481.0,320.0,623.0,321.0,741.0,322.0,820.0,311.0,906.0,410.0,709.0,520.0,,,590.0,558.0,,,680.0,494.0,711.0,575.0,,,481.0,535.0,,,420.0,542.0,485.0,639.0,360.0,490.0,326.0,558.0,,,276.0,524.0
labeled-data,_0,img019.png,363.0,316.0,490.0,320.0,632.0,320.0,750.0,322.0,829.0,311.0,916.0,410.0,716.0,520.0,,,602.0,558.0,,,683.0,493.0,710.0,575.0,,,489.0,534.0,,,445.0,545.0,514.0,643.0,366.0,489.0,331.0,556.0,,,282.0,522.0
labeled-data,_0,img020.png,371.0,316.0,497.0,320.0,640.0,319.0,759.0,321.0,838.0,310.0,926.0,410.0,723.0,519.0,,,617.0,557.0,,,686.0,492.0,712.0,575.0,,,497.0,534.0,,,458.0,547.0,529.0,645.0,371.0,489.0,335.0,555.0,,,290.0,521.0
labeled-data,_0,img021.png,379.0,316.0,505.0,320.0,647.0,319.0,766.0,320.0,846.0,309.0,935.0,409.0,730.0,519.0,,,634.0,556.0,567.0,616.0,688.0,491.0,714.0,575.0,,,504.0,533.0,,,464.0,550.0,,,376.0,489.0,339.0,553.0,,,299.0,520.0
labeled-data,_0,img022.png,386.0,316.0,511.0,319.0,653.0,318.0,773.0,319.0,853.0,307.0,943.0,407.0,737.0,518.0,,,655.0,554.0,,,688.0,491.0,716.0,575.0,,,510.0,532.0,,,469.0,552.0,,,382.0,489.0,345.0,552.0,,,310.0,519.0
labeled-data,_0,img023.png,392.0,316.0,517.0,319.0,660.0,317.0,778.0,317.0,858.0,305.0,950.0,404.0,744.0,517.0,,,677.0,553.0,607.0,606.0,689.0,491.0,717.0,574.0,,,516.0,532.0,,,474.0,553.0,,,388.0,489.0,350.0,551.0,349.0,672.0,,
labeled-data,_0,img024.png,399.0,316.0,524.0,319.0,666.0,317.0,784.0,316.0,864.0,302.0,957.0,401.0,752.0,517.0,,,,,633.0,603.0,691.0,490.0,720.0,573.0,,,523.0,531.0,,,478.0,553.0,,,394.0,490.0,355.0,551.0,,,334.0,518.0
labeled-data,_0,img025.png,406.0,316.0,530.0,319.0,673.0,317.0,790.0,315.0,869.0,300.0,964.0,398.0,761.0,516.0,,,,,662.0,601.0,,,725.0,573.0,744.0,666.0,529.0,531.0,,,481.0,552.0,,,398.0,490.0,359.0,551.0,,,344.0,518.0
labeled-data,_0,img026.png,414.0,316.0,538.0,319.0,680.0,317.0,797.0,314.0,876.0,299.0,972.0,396.0,772.0,515.0,,,,,695.0,601.0,704.0,489.0,730.0,573.0,,,537.0,531.0,,,484.0,552.0,,,402.0,490.0,362.0,551.0,,,355.0,518.0
labeled-data,_0,img027.png,422.0,316.0,546.0,319.0,687.0,317.0,805.0,314.0,885.0,299.0,981.0,398.0,782.0,515.0,,,781.0,534.0,,,713.0,488.0,733.0,573.0,744.0,665.0,,,477.0,478.0,,,553.0,647.0,408.0,490.0,,,,,,
labeled-data,_0,img028.png,430.0,315.0,555.0,319.0,695.0,317.0,812.0,314.0,893.0,300.0,988.0,401.0,793.0,515.0,,,803.0,527.0,766.0,602.0,722.0,486.0,735.0,573.0,,,553.0,531.0,,,488.0,550.0,,,415.0,489.0,373.0,548.0,,,,
labeled-data,_0,img029.png,438.0,315.0,563.0,319.0,703.0,317.0,819.0,315.0,900.0,302.0,995.0,406.0,802.0,515.0,,,818.0,523.0,798.0,604.0,730.0,484.0,735.0,572.0,,,561.0,531.0,,,491.0,550.0,,,424.0,487.0,381.0,546.0,,,,
labeled-data,_0,img030.png,445.0,314.0,570.0,319.0,710.0,317.0,826.0,316.0,907.0,304.0,1000.0,411.0,810.0,515.0,,,826.0,524.0,826.0,608.0,738.0,483.0,737.0,572.0,,,568.0,530.0,,,493.0,549.0,,,435.0,486.0,392.0,544.0,,,,
labeled-data,_0,img031.png,452.0,312.0,577.0,318.0,717.0,317.0,832.0,317.0,913.0,306.0,1004.0,416.0,816.0,515.0,,,830.0,532.0,848.0,615.0,745.0,483.0,740.0,572.0,,,574.0,529.0,,,496.0,548.0,,,445.0,484.0,402.0,541.0,371.0,661.0,,
labeled-data,_0,img032.png,458.0,311.0,584.0,317.0,723.0,316.0,838.0,317.0,920.0,308.0,1008.0,420.0,821.0,516.0,,,835.0,540.0,864.0,624.0,751.0,483.0,741.0,572.0,,,580.0,527.0,,,498.0,546.0,,,453.0,481.0,411.0,540.0,379.0,660.0,,
labeled-data,_0,img033.png,464.0,309.0,590.0,315.0,729.0,316.0,844.0,318.0,926.0,309.0,1013.0,423.0,826.0,516.0,,,842.0,547.0,,,757.0,483.0,743.0,572.0,,,585.0,526.0,,,501.0,545.0,,,460.0,479.0,420.0,539.0,388.0,658.0,,
labeled-data,_0,img034.png,469.0,308.0,595.0,314.0,734.0,315.0,850.0,318.0,933.0,311.0,1017.0,427.0,830.0,516.0,,,847.0,553.0,,,762.0,482.0,744.0,572.0,,,589.0,525.0,,,503.0,543.0,,,466.0,476.0,428.0,538.0,399.0,657.0,,
labeled-data,_0,img035.png,474.0,306.0,600.0,313.0,739.0,315.0,856.0,318.0,940.0,313.0,1021.0,430.0,834.0,516.0,,,850.0,557.0,,,767.0,482.0,746.0,571.0,,,594.0,524.0,,,506.0,541.0,,,471.0,473.0,436.0,537.0,411.0,656.0,,
labeled-data,_0,img036.png,479.0,305.0,605.0,312.0,744.0,314.0,861.0,319.0,946.0,314.0,1025.0,433.0,838.0,516.0,,,851.0,558.0,,,771.0,482.0,749.0,571.0,,,,,505.0,465.0,508.0,540.0,,,,,446.0,536.0,428.0,657.0,443.0,505.0
labeled-data,_0,img037.png,483.0,303.0,610.0,311.0,748.0,314.0,867.0,319.0,952.0,316.0,1029.0,436.0,842.0,516.0,,,853.0,558.0,,,776.0,482.0,751.0,571.0,,,602.0,522.0,,,510.0,538.0,,,487.0,468.0,458.0,535.0,453.0,659.0,449.0,504.0
labeled-data,_0,img038.png,488.0,302.0,614.0,310.0,753.0,314.0,872.0,320.0,958.0,317.0,1033.0,438.0,845.0,516.0,,,854.0,558.0,,,780.0,482.0,753.0,571.0,,,606.0,521.0,,,512.0,537.0,,,493.0,467.0,472.0,538.0,484.0,663.0,455.0,502.0
labeled-data,_0,img039.png,493.0,302.0,619.0,310.0,758.0,313.0,877.0,320.0,964.0,318.0,1037.0,440.0,849.0,516.0,,,855.0,558.0,,,785.0,483.0,756.0,572.0,,,611.0,520.0,,,514.0,536.0,,,499.0,468.0,488.0,543.0,518.0,665.0,461.0,502.0
labeled-data,_0,img040.png,498.0,302.0,624.0,310.0,763.0,313.0,883.0,320.0,969.0,319.0,1042.0,442.0,854.0,517.0,,,857.0,558.0,,,789.0,484.0,758.0,572.0,,,616.0,520.0,,,,,,,507.0,469.0,509.0,547.0,552.0,666.0,466.0,501.0
labeled-data,_0,img041.png,503.0,302.0,629.0,309.0,768.0,313.0,888.0,321.0,975.0,320.0,1048.0,442.0,858.0,517.0,,,859.0,558.0,,,794.0,485.0,760.0,572.0,,,621.0,520.0,,,,,,,519.0,471.0,530.0,549.0,583.0,666.0,472.0,501.0
labeled-data,_0,img042.png,509.0,302.0,634.0,309.0,774.0,313.0,894.0,321.0,981.0,320.0,1054.0,441.0,863.0,517.0,,,861.0,559.0,,,799.0,486.0,763.0,572.0,,,626.0,519.0,,,,,,,531.0,473.0,550.0,551.0,610.0,665.0,477.0,501.0
labeled-data,_0,img043.png,514.0,302.0,640.0,308.0,779.0,313.0,899.0,321.0,987.0,320.0,1061.0,440.0,868.0,517.0,,,862.0,560.0,,,804.0,487.0,766.0,572.0,,,632.0,518.0,,,,,,,543.0,476.0,567.0,553.0,631.0,664.0,483.0,501.0
labeled-data,_0,img044.png,520.0,302.0,645.0,307.0,785.0,313.0,905.0,322.0,993.0,320.0,1067.0,439.0,872.0,517.0,,,864.0,560.0,,,809.0,487.0,769.0,571.0,,,638.0,517.0,535.0,460.0,,,,,554.0,478.0,580.0,554.0,647.0,664.0,489.0,501.0
labeled-data,_0,img045.png,526.0,302.0,650.0,306.0,791.0,313.0,910.0,322.0,999.0,320.0,1073.0,438.0,877.0,517.0,,,865.0,561.0,,,813.0,487.0,772.0,571.0,,,644.0,516.0,,,,,553.0,645.0,,,587.0,556.0,656.0,663.0,494.0,501.0
labeled-data,_0,img046.png,531.0,302.0,655.0,306.0,797.0,313.0,916.0,322.0,1005.0,319.0,1079.0,438.0,882.0,517.0,,,866.0,561.0,,,816.0,487.0,775.0,570.0,,,650.0,515.0,,,,,552.0,645.0,,,591.0,557.0,661.0,664.0,498.0,501.0
labeled-data,_0,img047.png,536.0,302.0,661.0,305.0,803.0,313.0,922.0,321.0,1011.0,319.0,1085.0,437.0,887.0,517.0,,,868.0,561.0,,,819.0,486.0,778.0,569.0,,,655.0,514.0,,,534.0,531.0,,,574.0,482.0,596.0,558.0,666.0,664.0,,
labeled-data,_0,img048.png,542.0,302.0,666.0,305.0,808.0,313.0,928.0,321.0,1017.0,317.0,1091.0,435.0,892.0,516.0,,,869.0,561.0,,,822.0,485.0,783.0,568.0,763.0,659.0,660.0,513.0,,,537.0,531.0,,,580.0,482.0,601.0,558.0,,,501.0,503.0
labeled-data,_0,img049.png,547.0,302.0,670.0,304.0,813.0,313.0,935.0,320.0,1023.0,316.0,1097.0,433.0,897.0,516.0,,,870.0,561.0,,,826.0,485.0,796.0,570.0,767.0,657.0,666.0,513.0,,,540.0,531.0,,,585.0,482.0,607.0,558.0,,,503.0,503.0
labeled-data,_0,img050.png,552.0,302.0,675.0,304.0,818.0,313.0,941.0,319.0,1029.0,314.0,1102.0,430.0,903.0,515.0,,,871.0,561.0,,,830.0,484.0,812.0,570.0,774.0,654.0,671.0,513.0,,,542.0,531.0,,,591.0,482.0,612.0,558.0,,,507.0,503.0
labeled-data,_0,img051.png,557.0,302.0,680.0,304.0,823.0,313.0,947.0,317.0,1034.0,312.0,1106.0,427.0,908.0,515.0,,,873.0,561.0,,,835.0,483.0,831.0,570.0,782.0,649.0,676.0,513.0,562.0,460.0,,,552.0,645.0,596.0,481.0,,,680.0,667.0,,
labeled-data,_0,img052.png,562.0,302.0,685.0,304.0,828.0,313.0,951.0,316.0,1037.0,310.0,1108.0,424.0,913.0,514.0,,,874.0,561.0,,,839.0,483.0,851.0,567.0,793.0,641.0,681.0,513.0,,,545.0,531.0,,,601.0,481.0,617.0,557.0,,,514.0,504.0
labeled-data,_0,img053.png,566.0,302.0,690.0,304.0,832.0,313.0,955.0,316.0,1039.0,309.0,1109.0,422.0,918.0,513.0,,,,,,,845.0,483.0,867.0,563.0,805.0,634.0,685.0,513.0,,,546.0,532.0,,,604.0,481.0,618.0,557.0,,,516.0,504.0
labeled-data,_0,img054.png,571.0,302.0,694.0,304.0,837.0,313.0,959.0,316.0,1041.0,309.0,1110.0,421.0,922.0,513.0,,,,,,,851.0,482.0,879.0,561.0,818.0,629.0,689.0,513.0,,,548.0,532.0,,,608.0,480.0,619.0,556.0,,,518.0,504.0
labeled-data,_0,img055.png,574.0,302.0,698.0,304.0,840.0,313.0,962.0,315.0,1044.0,309.0,1112.0,421.0,927.0,513.0,,,,,,,859.0,482.0,890.0,559.0,832.0,628.0,693.0,513.0,,,550.0,532.0,,,611.0,480.0,619.0,556.0,,,521.0,504.0
labeled-data,_0,img056.png,578.0,302.0,701.0,304.0,844.0,313.0,964.0,314.0,1046.0,307.0,1116.0,418.0,932.0,512.0,,,,,,,869.0,482.0,905.0,556.0,852.0,629.0,697.0,513.0,,,552.0,532.0,,,614.0,480.0,620.0,556.0,,,524.0,504.0
labeled-data,_0,img057.png,581.0,302.0,704.0,304.0,847.0,313.0,966.0,312.0,1046.0,302.0,1119.0,411.0,938.0,510.0,,,885.0,561.0,,,882.0,482.0,924.0,552.0,880.0,633.0,700.0,513.0,,,555.0,532.0,,,616.0,480.0,620.0,555.0,,,526.0,504.0
labeled-data,_0,img058.png,584.0,302.0,707.0,304.0,849.0,313.0,966.0,309.0,1045.0,297.0,1121.0,403.0,944.0,509.0,,,885.0,561.0,,,895.0,481.0,938.0,551.0,908.0,639.0,703.0,513.0,,,558.0,532.0,,,619.0,479.0,621.0,555.0,,,529.0,504.0
labeled-data,_0,img059.png,587.0,302.0,710.0,304.0,852.0,313.0,966.0,307.0,1043.0,292.0,1123.0,395.0,950.0,507.0,,,885.0,561.0,,,906.0,479.0,943.0,554.0,932.0,647.0,705.0,513.0,,,561.0,531.0,,,621.0,479.0,622.0,555.0,,,532.0,504.0
labeled-data,_0,img060.png,589.0,302.0,712.0,304.0,854.0,313.0,967.0,306.0,1043.0,289.0,1125.0,390.0,953.0,506.0,,,886.0,561.0,,,912.0,478.0,938.0,560.0,,,708.0,513.0,,,563.0,531.0,,,623.0,479.0,623.0,555.0,,,534.0,504.0
labeled-data,_0,img061.png,591.0,302.0,714.0,304.0,856.0,313.0,968.0,305.0,1044.0,288.0,1127.0,388.0,956.0,506.0,,,886.0,561.0,,,914.0,478.0,929.0,565.0,,,710.0,513.0,,,565.0,530.0,,,625.0,479.0,624.0,554.0,,,537.0,504.0
labeled-data,_0,img062.png,593.0,302.0,716.0,304.0,858.0,313.0,970.0,305.0,1046.0,287.0,1129.0,387.0,957.0,506.0,,,887.0,561.0,,,916.0,478.0,927.0,567.0,,,712.0,513.0,,,567.0,529.0,,,627.0,479.0,625.0,554.0,,,540.0,504.0
labeled-data,_0,img063.png,595.0,302.0,718.0,304.0,860.0,313.0,972.0,305.0,1047.0,286.0,1131.0,386.0,959.0,506.0,,,887.0,561.0,,,918.0,478.0,928.0,568.0,,,714.0,513.0,,,569.0,529.0,,,629.0,479.0,626.0,554.0,,,544.0,504.0
labeled-data,_0,img064.png,597.0,302.0,720.0,304.0,862.0,313.0,973.0,305.0,1049.0,286.0,1133.0,386.0,961.0,506.0,,,887.0,561.0,,,920.0,478.0,930.0,568.0,,,716.0,513.0,,,571.0,528.0,,,631.0,479.0,628.0,553.0,,,547.0,504.0
labeled-data,_0,img065.png,599.0,302.0,722.0,304.0,864.0,313.0,975.0,305.0,1051.0,286.0,1135.0,386.0,962.0,506.0,,,887.0,561.0,,,922.0,478.0,931.0,569.0,,,717.0,513.0,,,573.0,527.0,,,633.0,478.0,629.0,553.0,,,549.0,504.0
labeled-data,_0,img066.png,600.0,302.0,723.0,305.0,865.0,313.0,977.0,305.0,1052.0,286.0,1136.0,386.0,964.0,506.0,,,888.0,561.0,,,924.0,478.0,933.0,569.0,,,719.0,513.0,,,574.0,527.0,,,634.0,478.0,630.0,553.0,,,551.0,504.0
labeled-data,_0,img067.png,602.0,302.0,725.0,305.0,867.0,313.0,978.0,305.0,1054.0,286.0,1138.0,386.0,966.0,506.0,,,888.0,561.0,,,926.0,478.0,933.0,569.0,,,721.0,513.0,,,575.0,527.0,,,636.0,478.0,631.0,553.0,,,553.0,504.0
labeled-data,_0,img068.png,604.0,303.0,727.0,305.0,869.0,313.0,980.0,305.0,1055.0,286.0,1140.0,385.0,967.0,506.0,,,888.0,560.0,,,928.0,478.0,934.0,569.0,,,723.0,513.0,,,576.0,527.0,,,637.0,478.0,631.0,553.0,679.0,666.0,,
labeled-data,_0,img069.png,606.0,303.0,728.0,305.0,870.0,313.0,982.0,305.0,1057.0,286.0,1141.0,385.0,969.0,506.0,,,889.0,560.0,,,931.0,479.0,934.0,570.0,,,724.0,513.0,,,577.0,527.0,,,638.0,478.0,632.0,552.0,,,556.0,504.0
labeled-data,_0,img070.png,607.0,303.0,730.0,305.0,872.0,313.0,983.0,305.0,1059.0,286.0,1143.0,385.0,971.0,506.0,,,889.0,560.0,,,933.0,479.0,935.0,570.0,,,726.0,513.0,,,578.0,526.0,,,639.0,478.0,632.0,552.0,,,558.0,504.0
labeled-data,_0,img071.png,609.0,303.0,731.0,305.0,873.0,313.0,984.0,305.0,1059.0,286.0,1144.0,385.0,972.0,506.0,,,890.0,560.0,,,935.0,480.0,936.0,570.0,,,727.0,513.0,,,578.0,526.0,,,641.0,478.0,633.0,552.0,,,559.0,504.0
labeled-data,_0,img072.png,610.0,303.0,733.0,305.0,874.0,313.0,985.0,305.0,1059.0,286.0,1143.0,385.0,973.0,506.0,,,890.0,560.0,,,935.0,481.0,936.0,571.0,,,729.0,513.0,,,579.0,526.0,,,643.0,478.0,634.0,551.0,,,561.0,504.0
labeled-data,_0,img073.png,611.0,303.0,734.0,305.0,875.0,313.0,985.0,305.0,1058.0,286.0,1141.0,385.0,974.0,506.0,,,891.0,561.0,,,934.0,481.0,937.0,571.0,,,730.0,513.0,,,580.0,526.0,,,644.0,477.0,635.0,551.0,,,562.0,504.0
labeled-data,_0,img074.png,612.0,303.0,734.0,305.0,876.0,313.0,985.0,305.0,1057.0,287.0,1139.0,385.0,974.0,506.0,,,891.0,561.0,,,934.0,482.0,937.0,571.0,,,730.0,513.0,,,580.0,525.0,,,645.0,477.0,636.0,550.0,,,562.0,504.0
labeled-data,_0,img075.png,612.0,303.0,734.0,305.0,876.0,313.0,984.0,305.0,1056.0,287.0,1138.0,385.0,974.0,505.0,,,891.0,561.0,,,933.0,482.0,938.0,571.0,,,731.0,513.0,,,580.0,525.0,,,646.0,477.0,636.0,550.0,,,563.0,504.0
labeled-data,_0,img076.png,612.0,303.0,735.0,305.0,876.0,313.0,984.0,304.0,1055.0,286.0,1137.0,383.0,975.0,505.0,,,891.0,561.0,,,933.0,482.0,938.0,571.0,,,731.0,513.0,,,580.0,525.0,,,646.0,477.0,636.0,550.0,,,562.0,504.0
labeled-data,_0,img077.png,612.0,303.0,735.0,305.0,876.0,313.0,982.0,303.0,1052.0,283.0,1135.0,379.0,975.0,504.0,,,891.0,561.0,,,933.0,482.0,938.0,571.0,,,730.0,513.0,,,580.0,525.0,,,646.0,477.0,636.0,550.0,,,560.0,504.0
labeled-data,_0,img078.png,612.0,303.0,735.0,305.0,876.0,314.0,980.0,302.0,1048.0,281.0,1132.0,375.0,976.0,503.0,,,891.0,561.0,,,933.0,482.0,938.0,571.0,,,730.0,514.0,,,580.0,525.0,,,646.0,477.0,636.0,550.0,,,557.0,504.0
labeled-data,_0,img079.png,616.0,303.0,741.0,310.0,879.0,314.0,987.0,310.0,1060.0,296.0,1141.0,417.0,976.0,509.0,,,891.0,561.0,,,939.0,483.0,942.0,572.0,,,734.0,520.0,,,584.0,526.0,,,650.0,477.0,639.0,550.0,,,551.0,504.0
labeled-data,_0,img080.png,616.0,303.0,741.0,310.0,879.0,314.0,987.0,310.0,1060.0,296.0,1141.0,417.0,976.0,509.0,,,891.0,561.0,,,939.0,483.0,942.0,572.0,,,734.0,520.0,,,584.0,526.0,,,650.0,477.0,639.0,550.0,,,552.0,504.0
labeled-data,_0,img081.png,616.0,303.0,741.0,310.0,879.0,314.0,987.0,310.0,1060.0,296.0,1141.0,417.0,976.0,509.0,,,891.0,561.0,,,939.0,483.0,942.0,572.0,,,734.0,520.0,,,584.0,526.0,,,650.0,477.0,639.0,550.0,,,552.0,504.0
labeled-data,_0,img082.png,616.0,303.0,741.0,310.0,879.0,314.0,987.0,310.0,1060.0,296.0,1141.0,417.0,976.0,509.0,,,891.0,561.0,,,939.0,483.0,942.0,572.0,,,734.0,520.0,,,584.0,526.0,,,650.0,477.0,639.0,550.0,,,554.0,504.0
labeled-data,_0,img083.png,616.0,303.0,741.0,310.0,879.0,314.0,987.0,310.0,1060.0,296.0,1141.0,416.0,976.0,509.0,,,891.0,561.0,,,939.0,483.0,942.0,572.0,,,734.0,520.0,,,584.0,526.0,,,650.0,477.0,639.0,550.0,,,555.0,504.0
labeled-data,_0,img084.png,616.0,303.0,741.0,310.0,879.0,314.0,987.0,310.0,1060.0,296.0,1141.0,416.0,976.0,509.0,,,891.0,561.0,,,939.0,483.0,942.0,572.0,,,734.0,520.0,,,584.0,526.0,,,650.0,477.0,639.0,550.0,,,557.0,504.0
labeled-data,_0,img085.png,616.0,303.0,741.0,310.0,879.0,314.0,987.0,310.0,1060.0,296.0,1141.0,416.0,976.0,509.0,,,891.0,561.0,,,939.0,483.0,942.0,572.0,,,734.0,520.0,,,584.0,526.0,,,650.0,477.0,639.0,550.0,,,557.0,504.0
labeled-data,_0,img086.png,616.0,303.0,741.0,310.0,879.0,314.0,987.0,310.0,1060.0,296.0,1141.0,416.0,976.0,509.0,,,891.0,561.0,,,939.0,483.0,942.0,572.0,,,734.0,520.0,,,584.0,526.0,,,650.0,477.0,640.0,549.0,,,557.0,504.0
labeled-data,_0,img087.png,617.0,303.0,742.0,310.0,879.0,314.0,988.0,310.0,1060.0,296.0,1141.0,416.0,976.0,509.0,,,892.0,561.0,,,939.0,482.0,942.0,572.0,,,735.0,520.0,,,585.0,526.0,,,651.0,477.0,640.0,549.0,,,558.0,504.0
labeled-data,_0,img088.png,617.0,303.0,742.0,310.0,879.0,314.0,988.0,310.0,1061.0,297.0,1142.0,417.0,977.0,509.0,,,892.0,561.0,,,940.0,482.0,942.0,572.0,,,735.0,520.0,,,585.0,526.0,,,651.0,476.0,641.0,549.0,,,558.0,504.0
labeled-data,_0,img089.png,617.0,303.0,742.0,310.0,880.0,314.0,989.0,310.0,1062.0,297.0,1142.0,418.0,977.0,509.0,,,892.0,561.0,,,942.0,482.0,942.0,572.0,,,735.0,520.0,,,586.0,526.0,,,652.0,476.0,641.0,549.0,,,558.0,504.0
labeled-data,_0,img090.png,618.0,303.0,743.0,310.0,880.0,314.0,990.0,311.0,1064.0,298.0,1143.0,420.0,977.0,509.0,,,892.0,561.0,,,943.0,482.0,943.0,572.0,,,736.0,520.0,,,586.0,526.0,,,652.0,476.0,641.0,549.0,,,559.0,504.0
labeled-data,_0,img091.png,618.0,303.0,744.0,310.0,881.0,314.0,992.0,312.0,1067.0,301.0,1143.0,424.0,977.0,510.0,,,893.0,561.0,,,945.0,482.0,943.0,571.0,,,736.0,520.0,,,586.0,526.0,,,653.0,476.0,641.0,549.0,,,559.0,504.0
labeled-data,_0,img092.png,619.0,303.0,744.0,310.0,881.0,314.0,995.0,314.0,1072.0,306.0,1143.0,432.0,977.0,511.0,,,893.0,561.0,,,947.0,481.0,944.0,571.0,,,737.0,520.0,,,587.0,526.0,,,653.0,476.0,642.0,549.0,,,559.0,504.0
labeled-data,_0,img093.png,620.0,303.0,745.0,310.0,882.0,314.0,999.0,316.0,1077.0,311.0,1142.0,440.0,977.0,512.0,,,893.0,561.0,,,949.0,481.0,945.0,571.0,,,738.0,520.0,,,588.0,526.0,,,654.0,476.0,642.0,549.0,,,559.0,504.0
labeled-data,_0,img094.png,621.0,303.0,746.0,310.0,883.0,314.0,1002.0,317.0,1081.0,315.0,1142.0,446.0,976.0,513.0,,,893.0,561.0,,,950.0,481.0,945.0,571.0,,,739.0,520.0,,,589.0,526.0,,,655.0,476.0,642.0,548.0,,,559.0,504.0
labeled-data,_0,img095.png,622.0,303.0,747.0,310.0,884.0,314.0,1004.0,318.0,1084.0,317.0,1143.0,449.0,977.0,513.0,,,893.0,561.0,,,952.0,480.0,945.0,571.0,,,740.0,520.0,,,590.0,526.0,,,656.0,476.0,642.0,548.0,,,559.0,504.0
labeled-data,_0,img096.png,623.0,303.0,748.0,310.0,886.0,314.0,1005.0,318.0,1085.0,317.0,1145.0,448.0,979.0,513.0,,,894.0,561.0,,,953.0,480.0,955.0,569.0,,,741.0,520.0,,,591.0,525.0,,,657.0,476.0,643.0,548.0,,,559.0,504.0
labeled-data,_0,img097.png,625.0,303.0,750.0,310.0,887.0,314.0,1006.0,318.0,1087.0,317.0,1149.0,447.0,981.0,513.0,,,896.0,560.0,,,954.0,481.0,972.0,564.0,,,743.0,520.0,,,593.0,525.0,,,658.0,476.0,643.0,548.0,,,561.0,504.0
labeled-data,_0,img098.png,627.0,303.0,752.0,310.0,889.0,314.0,1008.0,318.0,1090.0,317.0,1154.0,446.0,982.0,512.0,,,897.0,560.0,,,955.0,481.0,984.0,560.0,,,745.0,520.0,,,594.0,525.0,,,659.0,476.0,644.0,548.0,,,563.0,504.0
labeled-data,_0,img099.png,629.0,303.0,754.0,310.0,891.0,314.0,1009.0,319.0,1092.0,317.0,1159.0,444.0,984.0,512.0,,,899.0,560.0,,,956.0,482.0,990.0,559.0,,,747.0,520.0,,,596.0,524.0,,,661.0,477.0,645.0,548.0,,,565.0,503.0
labeled-data,_0,img100.png,631.0,303.0,756.0,310.0,893.0,314.0,1011.0,319.0,1095.0,316.0,1164.0,442.0,987.0,512.0,,,900.0,560.0,,,958.0,483.0,993.0,560.0,,,749.0,520.0,,,597.0,524.0,,,662.0,477.0,646.0,548.0,,,566.0,503.0
labeled-data,_0,img101.png,633.0,303.0,758.0,310.0,896.0,314.0,1014.0,320.0,1099.0,318.0,1168.0,443.0,988.0,513.0,,,900.0,560.0,,,962.0,485.0,1002.0,559.0,,,751.0,520.0,,,598.0,523.0,,,664.0,477.0,647.0,548.0,,,567.0,503.0
labeled-data,_0,img102.png,636.0,303.0,761.0,310.0,898.0,314.0,1018.0,322.0,1105.0,321.0,1172.0,446.0,990.0,513.0,,,901.0,560.0,,,969.0,488.0,1015.0,558.0,,,754.0,520.0,,,601.0,522.0,,,666.0,477.0,648.0,548.0,,,566.0,503.0
labeled-data,_0,img103.png,639.0,303.0,764.0,310.0,901.0,314.0,1024.0,324.0,1113.0,326.0,1176.0,452.0,991.0,514.0,,,902.0,559.0,,,979.0,489.0,1028.0,557.0,1023.0,647.0,757.0,520.0,,,604.0,522.0,,,668.0,477.0,649.0,548.0,,,567.0,503.0
labeled-data,_0,img104.png,643.0,303.0,768.0,310.0,905.0,314.0,1031.0,326.0,1122.0,331.0,1180.0,457.0,,,,,903.0,559.0,,,988.0,489.0,1037.0,557.0,1045.0,648.0,761.0,520.0,,,607.0,523.0,,,670.0,477.0,650.0,548.0,,,569.0,503.0
labeled-data,_0,img105.png,647.0,303.0,772.0,310.0,910.0,313.0,1039.0,327.0,1131.0,334.0,1184.0,461.0,,,,,905.0,559.0,903.0,646.0,995.0,489.0,1043.0,558.0,,,766.0,520.0,,,611.0,523.0,,,673.0,478.0,652.0,548.0,,,573.0,503.0
labeled-data,_0,img106.png,653.0,303.0,778.0,310.0,916.0,313.0,1048.0,326.0,1141.0,333.0,1188.0,462.0,,,,,907.0,559.0,,,998.0,490.0,1046.0,559.0,1059.0,652.0,771.0,520.0,,,616.0,520.0,,,677.0,478.0,655.0,547.0,,,576.0,502.0
labeled-data,_0,img107.png,659.0,302.0,784.0,309.0,922.0,313.0,1056.0,324.0,1149.0,330.0,1192.0,460.0,,,,,907.0,558.0,,,1001.0,490.0,1046.0,563.0,,,778.0,519.0,,,621.0,513.0,571.0,620.0,683.0,478.0,658.0,546.0,,,576.0,501.0
labeled-data,_0,img108.png,666.0,302.0,790.0,308.0,929.0,313.0,1061.0,322.0,1153.0,328.0,1196.0,458.0,,,,,907.0,557.0,,,1004.0,490.0,1042.0,568.0,,,785.0,517.0,,,628.0,506.0,584.0,615.0,689.0,477.0,662.0,545.0,,,575.0,500.0
labeled-data,_0,img109.png,673.0,302.0,797.0,307.0,937.0,313.0,1066.0,322.0,1156.0,327.0,1201.0,456.0,,,,,908.0,556.0,,,1007.0,489.0,1036.0,572.0,,,792.0,516.0,,,637.0,499.0,603.0,610.0,695.0,477.0,666.0,544.0,,,576.0,498.0
labeled-data,_0,img110.png,680.0,302.0,803.0,307.0,944.0,313.0,1071.0,322.0,1161.0,327.0,1206.0,455.0,,,,,909.0,556.0,,,1009.0,488.0,1036.0,573.0,,,799.0,515.0,,,650.0,496.0,629.0,609.0,699.0,478.0,669.0,544.0,,,581.0,498.0
labeled-data,_0,img111.png,687.0,303.0,810.0,307.0,950.0,314.0,1078.0,322.0,1168.0,328.0,1213.0,455.0,,,,,911.0,556.0,,,1011.0,487.0,1038.0,573.0,,,806.0,516.0,,,657.0,500.0,662.0,609.0,702.0,478.0,671.0,544.0,,,587.0,498.0
labeled-data,_0,img112.png,693.0,304.0,816.0,309.0,956.0,315.0,1084.0,324.0,1174.0,329.0,1219.0,457.0,,,,,914.0,556.0,,,1014.0,488.0,1039.0,573.0,,,812.0,517.0,,,669.0,510.0,698.0,609.0,705.0,478.0,673.0,544.0,,,592.0,499.0
labeled-data,_0,img113.png,698.0,306.0,822.0,311.0,962.0,317.0,1089.0,326.0,1179.0,331.0,1225.0,459.0,,,,,916.0,556.0,,,1017.0,488.0,1041.0,573.0,,,818.0,519.0,,,692.0,516.0,,,706.0,477.0,675.0,544.0,,,596.0,500.0
labeled-data,_0,img114.png,704.0,308.0,827.0,312.0,967.0,318.0,1095.0,327.0,1185.0,332.0,1230.0,460.0,1051.0,520.0,,,921.0,555.0,,,1021.0,489.0,1044.0,572.0,,,823.0,521.0,,,,,773.0,615.0,708.0,477.0,677.0,544.0,,,600.0,499.0
labeled-data,_0,img115.png,710.0,308.0,833.0,313.0,973.0,319.0,1101.0,328.0,1191.0,333.0,1236.0,461.0,1057.0,521.0,,,929.0,554.0,,,1025.0,488.0,1048.0,571.0,,,829.0,521.0,,,,,806.0,619.0,711.0,477.0,679.0,544.0,,,603.0,498.0
labeled-data,_0,img116.png,716.0,308.0,839.0,313.0,979.0,319.0,1106.0,327.0,1196.0,332.0,1242.0,460.0,1062.0,521.0,,,951.0,557.0,,,1029.0,487.0,1050.0,571.0,,,835.0,521.0,,,,,832.0,624.0,714.0,478.0,682.0,544.0,,,611.0,499.0
labeled-data,_0,img117.png,722.0,308.0,845.0,313.0,985.0,319.0,1111.0,327.0,1201.0,330.0,1248.0,457.0,1069.0,520.0,,,976.0,558.0,,,1034.0,486.0,1053.0,570.0,,,841.0,521.0,,,,,852.0,629.0,719.0,478.0,685.0,544.0,,,624.0,501.0
labeled-data,_0,img118.png,728.0,308.0,851.0,313.0,991.0,319.0,1117.0,326.0,1205.0,328.0,1255.0,454.0,1076.0,520.0,,,996.0,557.0,,,1039.0,486.0,1055.0,570.0,,,848.0,521.0,,,798.0,537.0,867.0,633.0,725.0,479.0,689.0,543.0,,,640.0,504.0
labeled-data,_0,img119.png,735.0,308.0,858.0,313.0,998.0,319.0,1123.0,325.0,1211.0,326.0,1262.0,452.0,1083.0,519.0,,,1010.0,556.0,,,1045.0,485.0,1058.0,570.0,,,855.0,521.0,,,808.0,542.0,879.0,637.0,730.0,479.0,692.0,543.0,,,656.0,507.0
labeled-data,_0,img120.png,743.0,308.0,866.0,313.0,1006.0,319.0,1130.0,324.0,1218.0,325.0,1269.0,451.0,1090.0,519.0,,,1021.0,555.0,953.0,612.0,1051.0,484.0,1062.0,570.0,,,862.0,521.0,,,815.0,545.0,,,735.0,479.0,695.0,542.0,,,668.0,508.0
labeled-data,_0,img121.png,751.0,308.0,874.0,313.0,1014.0,319.0,1138.0,324.0,1226.0,325.0,1277.0,451.0,1098.0,519.0,,,1037.0,551.0,968.0,607.0,1057.0,484.0,1065.0,570.0,,,871.0,521.0,,,821.0,545.0,,,739.0,479.0,698.0,542.0,,,679.0,509.0
labeled-data,_0,img122.png,760.0,308.0,883.0,313.0,1023.0,319.0,1146.0,324.0,1234.0,325.0,,,1107.0,519.0,,,1060.0,545.0,996.0,604.0,1064.0,484.0,1068.0,570.0,,,880.0,521.0,,,825.0,545.0,,,744.0,479.0,703.0,542.0,,,692.0,510.0
labeled-data,_0,img123.png,769.0,308.0,892.0,313.0,1032.0,319.0,1155.0,324.0,1243.0,325.0,,,1117.0,519.0,,,,,1030.0,602.0,1071.0,483.0,1071.0,570.0,,,889.0,521.0,,,827.0,545.0,,,750.0,479.0,710.0,543.0,,,706.0,512.0
labeled-data,_0,img124.png,778.0,308.0,901.0,313.0,1041.0,319.0,1164.0,324.0,1252.0,325.0,,,1127.0,519.0,,,,,1068.0,601.0,1079.0,483.0,1074.0,571.0,,,898.0,521.0,,,829.0,546.0,,,760.0,479.0,720.0,543.0,,,,
labeled-data,_0,img125.png,787.0,308.0,910.0,313.0,1049.0,319.0,1173.0,324.0,1261.0,325.0,,,1136.0,519.0,,,,,1103.0,601.0,1087.0,483.0,1077.0,571.0,,,907.0,521.0,,,828.0,547.0,,,774.0,479.0,733.0,542.0,,,,
labeled-data,_0,img126.png,795.0,308.0,918.0,313.0,1058.0,319.0,1181.0,324.0,1269.0,325.0,,,1146.0,519.0,,,,,,,1096.0,483.0,1079.0,571.0,,,915.0,521.0,,,829.0,546.0,,,789.0,478.0,749.0,541.0,,,,
labeled-data,_0,img127.png,803.0,308.0,926.0,313.0,1066.0,319.0,1190.0,324.0,1278.0,325.0,,,1155.0,519.0,,,,,1152.0,613.0,1104.0,483.0,1083.0,571.0,,,924.0,521.0,,,831.0,544.0,,,802.0,476.0,763.0,539.0,,,,
labeled-data,_0,img128.png,811.0,308.0,934.0,313.0,1074.0,319.0,1197.0,324.0,,,,,1164.0,519.0,,,,,1166.0,627.0,1113.0,483.0,1087.0,570.0,,,932.0,521.0,,,833.0,543.0,,,812.0,474.0,774.0,538.0,,,,
labeled-data,_0,img129.png,819.0,308.0,942.0,313.0,1082.0,319.0,1205.0,324.0,,,,,1172.0,519.0,,,,,1179.0,639.0,1121.0,483.0,1090.0,569.0,,,940.0,521.0,,,838.0,541.0,,,819.0,472.0,783.0,537.0,,,,
labeled-data,_0,img130.png,827.0,308.0,950.0,313.0,1090.0,319.0,1213.0,324.0,,,,,1180.0,519.0,,,1155.0,560.0,1188.0,645.0,1129.0,483.0,1091.0,568.0,,,948.0,521.0,,,844.0,539.0,,,827.0,471.0,790.0,536.0,745.0,647.0,,
labeled-data,_0,img131.png,836.0,308.0,959.0,312.0,1098.0,319.0,1222.0,325.0,,,,,1187.0,519.0,,,1161.0,560.0,,,1135.0,484.0,1091.0,567.0,,,955.0,520.0,,,848.0,537.0,,,842.0,470.0,802.0,532.0,765.0,644.0,,
labeled-data,_0,img132.png,843.0,306.0,967.0,311.0,1107.0,318.0,1232.0,326.0,,,,,1192.0,520.0,,,1163.0,560.0,,,1138.0,484.0,1092.0,566.0,,,963.0,518.0,,,852.0,536.0,,,864.0,469.0,820.0,527.0,799.0,641.0,,
labeled-data,_0,img133.png,851.0,305.0,976.0,309.0,1116.0,318.0,1242.0,329.0,,,,,1197.0,521.0,,,1164.0,560.0,,,1140.0,484.0,1096.0,566.0,,,969.0,516.0,,,855.0,534.0,,,886.0,469.0,842.0,525.0,842.0,639.0,808.0,512.0
labeled-data,_0,img134.png,860.0,304.0,985.0,307.0,1125.0,317.0,1252.0,331.0,,,,,1202.0,521.0,,,1164.0,560.0,,,1143.0,484.0,1107.0,568.0,,,977.0,515.0,,,859.0,533.0,,,907.0,468.0,867.0,527.0,888.0,639.0,813.0,511.0
labeled-data,_0,img135.png,868.0,303.0,994.0,307.0,1134.0,317.0,1261.0,331.0,,,,,1209.0,521.0,,,1163.0,559.0,,,1151.0,485.0,1124.0,570.0,,,985.0,514.0,,,,,,,926.0,469.0,894.0,532.0,932.0,640.0,816.0,511.0
labeled-data,_0,img136.png,877.0,303.0,1003.0,307.0,1143.0,317.0,1270.0,332.0,,,,,1217.0,521.0,,,1164.0,559.0,,,1161.0,486.0,1146.0,572.0,,,994.0,514.0,,,,,,,942.0,469.0,920.0,537.0,970.0,643.0,819.0,510.0
labeled-data,_0,img137.png,887.0,303.0,1012.0,307.0,1152.0,317.0,1279.0,332.0,,,,,1225.0,521.0,,,1165.0,559.0,,,1171.0,487.0,1169.0,572.0,,,,,880.0,458.0,,,,,955.0,470.0,943.0,541.0,1000.0,647.0,824.0,509.0
labeled-data,_0,img138.png,896.0,303.0,1021.0,307.0,1162.0,317.0,,,,,,,1234.0,521.0,,,1166.0,559.0,,,1181.0,488.0,1189.0,570.0,1121.0,635.0,1013.0,514.0,,,,,,,965.0,472.0,963.0,545.0,1024.0,651.0,829.0,508.0
labeled-data,_0,img139.png,905.0,303.0,1031.0,307.0,1171.0,317.0,,,,,,,1243.0,521.0,,,1169.0,559.0,,,1191.0,488.0,1206.0,568.0,1134.0,628.0,1023.0,514.0,895.0,460.0,877.0,531.0,,,974.0,475.0,979.0,549.0,1043.0,655.0,836.0,508.0
labeled-data,_0,img140.png,915.0,303.0,,,,,,,,,,,,,,,1171.0,558.0,,,1202.0,488.0,1220.0,565.0,1145.0,622.0,1032.0,514.0,903.0,461.0,883.0,530.0,,,984.0,477.0,991.0,551.0,1055.0,657.0,842.0,507.0
labeled-data,_0,img141.png,925.0,303.0,1050.0,307.0,1191.0,317.0,,,,,,,1263.0,519.0,,,,,,,1219.0,489.0,1243.0,564.0,1165.0,616.0,1043.0,515.0,911.0,462.0,888.0,530.0,,,993.0,477.0,999.0,551.0,1062.0,658.0,850.0,507.0
labeled-data,_0,img142.png,936.0,303.0,1060.0,309.0,1201.0,317.0,,,,,,,1275.0,517.0,,,,,,,1248.0,490.0,1276.0,563.0,1198.0,612.0,1054.0,517.0,919.0,463.0,894.0,530.0,,,1002.0,477.0,1002.0,551.0,1062.0,658.0,,
labeled-data,_0,img143.png,947.0,303.0,1070.0,311.0,1210.0,318.0,,,,,,,,,,,1177.0,557.0,,,1280.0,488.0,,,1234.0,609.0,1065.0,520.0,926.0,464.0,899.0,530.0,,,1010.0,478.0,1002.0,551.0,,,864.0,505.0
labeled-data,_0,img144.png,957.0,303.0,1080.0,314.0,1220.0,319.0,,,,,,,,,,,1179.0,556.0,,,,,,,1267.0,608.0,1076.0,523.0,932.0,465.0,903.0,531.0,,,1016.0,479.0,1000.0,550.0,1053.0,658.0,,
labeled-data,_0,img145.png,967.0,304.0,1089.0,315.0,1229.0,320.0,,,,,,,,,,,1182.0,556.0,,,,,,,,,1085.0,526.0,937.0,466.0,906.0,531.0,,,1022.0,481.0,999.0,549.0,,,875.0,503.0
labeled-data,_0,img146.png,976.0,305.0,1098.0,316.0,1238.0,321.0,,,,,,,,,,,1183.0,555.0,,,,,,,,,1094.0,527.0,941.0,467.0,909.0,531.0,,,1028.0,482.0,1000.0,549.0,1045.0,658.0,,
labeled-data,_0,img147.png,984.0,306.0,1106.0,317.0,1247.0,322.0,,,,,,,,,,,1185.0,555.0,,,,,,,,,1102.0,529.0,948.0,467.0,914.0,530.0,,,1033.0,482.0,1002.0,548.0,1044.0,658.0,,
labeled-data,_0,img148.png,992.0,306.0,1115.0,318.0,1255.0,322.0,,,,,,,,,,,1187.0,554.0,,,,,,,,,1111.0,529.0,956.0,467.0,921.0,529.0,,,1038.0,482.0,1006.0,547.0,,,,
labeled-data,_0,img149.png,1000.0,307.0,1123.0,318.0,,,,,,,,,,,,,1189.0,553.0,,,,,,,,,1119.0,529.0,966.0,467.0,930.0,527.0,,,1044.0,482.0,1010.0,547.0,1047.0,658.0,,
labeled-data,_0,img150.png,1008.0,307.0,1131.0,318.0,1271.0,323.0,,,,,,,,,,,1191.0,553.0,,,,,,,,,1127.0,529.0,978.0,466.0,940.0,526.0,899.0,635.0,1050.0,482.0,1015.0,546.0,,,,
labeled-data,_0,img151.png,1017.0,307.0,1139.0,318.0,1279.0,323.0,,,,,,,,,,,1193.0,553.0,,,,,,,,,1135.0,528.0,990.0,466.0,952.0,524.0,,,1058.0,482.0,1020.0,545.0,,,936.0,509.0
labeled-data,_0,img152.png,1025.0,307.0,1147.0,319.0,,,,,,,,,,,,,1197.0,554.0,,,,,,,,,1142.0,527.0,1003.0,465.0,965.0,521.0,,,1066.0,482.0,1027.0,543.0,,,949.0,510.0
labeled-data,_0,img153.png,1034.0,307.0,1156.0,319.0,,,,,,,,,,,,,1202.0,555.0,,,,,,,,,1150.0,527.0,1018.0,464.0,980.0,519.0,,,1075.0,482.0,1034.0,542.0,,,962.0,511.0
labeled-data,_0,img154.png,1042.0,307.0,1165.0,320.0,,,,,,,,,,,,,1206.0,556.0,,,,,,,,,1159.0,526.0,1035.0,462.0,998.0,517.0,980.0,629.0,1083.0,482.0,1041.0,541.0,,,974.0,511.0
labeled-data,_0,img155.png,1052.0,307.0,1175.0,320.0,,,,,,,,,,,,,1210.0,555.0,,,,,,,,,1168.0,526.0,1055.0,458.0,1022.0,516.0,1016.0,627.0,1091.0,482.0,1048.0,540.0,,,984.0,511.0
labeled-data,_0,img156.png,1061.0,307.0,1184.0,320.0,,,,,,,,,,,,,1214.0,552.0,,,,,,,,,1177.0,526.0,,,1050.0,513.0,1058.0,624.0,1098.0,482.0,1053.0,539.0,1048.0,656.0,,
labeled-data,_0,img157.png,1071.0,307.0,,,,,,,,,,,,,,,1218.0,550.0,,,,,,,,,1187.0,526.0,,,1076.0,512.0,1100.0,620.0,1102.0,481.0,1057.0,539.0,,,1004.0,510.0
labeled-data,_0,img158.png,1080.0,306.0,1203.0,320.0,,,,,,,,,,,,,1224.0,546.0,,,,,,,,,1196.0,526.0,,,,,,,1104.0,478.0,1061.0,538.0,,,1014.0,510.0
labeled-data,_0,img159.png,1090.0,306.0,1212.0,320.0,,,,,,,,,,,,,1232.0,543.0,,,,,,,,,1206.0,526.0,,,,,1167.0,616.0,1106.0,476.0,1063.0,537.0,,,1024.0,509.0
labeled-data,_0,img160.png,1098.0,306.0,1221.0,320.0,,,,,,,,,,,,,1247.0,542.0,,,,,,,,,1214.0,526.0,,,,,1183.0,617.0,1107.0,473.0,1066.0,536.0,,,1034.0,509.0
labeled-data,_0,img161.png,1105.0,308.0,1228.0,320.0,,,,,,,,,,,,,1277.0,547.0,,,,,,,,,1225.0,527.0,,,,,1190.0,619.0,1110.0,472.0,1070.0,535.0,1050.0,654.0,,
labeled-data,_0,img162.png,1111.0,311.0,1235.0,320.0,,,,,,,,,,,,,,,,,,,,,,,1240.0,528.0,,,1141.0,528.0,1196.0,622.0,1117.0,473.0,1075.0,535.0,,,1050.0,516.0
labeled-data,_0,img163.png,1116.0,315.0,1241.0,321.0,,,,,,,,,,,,,,,,,,,,,,,1256.0,529.0,,,1146.0,533.0,1202.0,626.0,1125.0,475.0,1081.0,536.0,,,1055.0,522.0
labeled-data,_0,img164.png,1121.0,319.0,1247.0,321.0,,,,,,,,,,,,,,,,,,,,,,,1270.0,530.0,,,1151.0,537.0,,,1132.0,477.0,1087.0,536.0,,,1059.0,526.0
labeled-data,_0,img165.png,1126.0,321.0,1253.0,322.0,,,,,,,,,,,,,,,,,,,,,,,1280.0,531.0,,,1156.0,539.0,,,1138.0,479.0,1091.0,537.0,,,1062.0,529.0
labeled-data,_0,img166.png,1133.0,322.0,1259.0,323.0,,,,,,,,,,,,,,,,,,,,,,,,,,,1160.0,539.0,,,1141.0,479.0,1093.0,537.0,,,1066.0,529.0
labeled-data,_0,img167.png,1139.0,322.0,1266.0,324.0,,,,,,,,,,,,,,,,,,,,,,,,,,,1164.0,538.0,,,1142.0,480.0,1095.0,539.0,,,1070.0,529.0
labeled-data,_0,img168.png,1146.0,321.0,1273.0,325.0,,,,,,,,,,,,,,,,,,,,,,,,,,,1166.0,537.0,,,1144.0,480.0,1098.0,541.0,,,1075.0,528.0
labeled-data,_0,img169.png,1153.0,321.0,1280.0,326.0,,,,,,,,,,,,,,,,,,,,,,,,,,,1167.0,536.0,,,1148.0,480.0,1104.0,542.0,,,1081.0,527.0
labeled-data,_0,img170.png,1161.0,321.0,,,,,,,,,,,,,,,,,,,,,,,,,,,,,1168.0,535.0,,,1158.0,480.0,1114.0,543.0,,,1088.0,527.0
labeled-data,_0,img171.png,1168.0,321.0,,,,,,,,,,,,,,,,,,,,,,,,,,,,,1168.0,534.0,,,1172.0,481.0,1127.0,542.0,1074.0,655.0,,
labeled-data,_0,img172.png,1176.0,320.0,,,,,,,,,,,,,,,,,,,,,,,,,,,,,1169.0,533.0,,,1188.0,482.0,1140.0,540.0,,,1097.0,525.0
labeled-data,_0,img173.png,1184.0,320.0,,,,,,,,,,,,,,,,,,,,,,,,,,,,,1171.0,531.0,,,1202.0,484.0,1151.0,538.0,,,1101.0,523.0
labeled-data,_0,img174.png,1193.0,319.0,,,,,,,,,,,,,,,,,,,,,,,,,,,,,1174.0,529.0,,,1214.0,485.0,1159.0,535.0,1109.0,645.0,1105.0,521.0
labeled-data,_0,img175.png,1201.0,318.0,,,,,,,,,,,,,,,,,,,,,,,,,,,,,1177.0,528.0,,,1224.0,484.0,1166.0,531.0,1122.0,641.0,1112.0,520.0
labeled-data,_0,img176.png,1210.0,317.0,,,,,,,,,,,,,,,,,,,,,,,,,,,,,1182.0,526.0,,,1235.0,481.0,1176.0,526.0,1143.0,638.0,1121.0,518.0
labeled-data,_0,img177.png,1219.0,315.0,,,,,,,,,,,,,,,,,,,,,,,,,,,,,,,,,1250.0,476.0,1191.0,520.0,1173.0,634.0,1130.0,515.0
labeled-data,_0,img178.png,1229.0,313.0,,,,,,,,,,,,,,,,,,,,,,,,,,,,,,,,,1265.0,470.0,1209.0,517.0,1210.0,632.0,1140.0,512.0
labeled-data,_0,img179.png,1238.0,311.0,,,,,,,,,,,,,,,,,,,,,,,,,,,,,,,,,1280.0,465.0,1230.0,518.0,1251.0,630.0,1150.0,510.0
labeled-data,_0,img180.png,1247.0,311.0,,,,,,,,,,,,,,,,,,,,,,,,,,,,,,,,,,,1252.0,521.0,,,1159.0,509.0
labeled-data,_0,img181.png,1255.0,311.0,,,,,,,,,,,,,,,,,,,,,,,,,,,,,,,,,,,1274.0,523.0,,,1169.0,509.0
labeled-data,_0,img182.png,1263.0,311.0,,,,,,,,,,,,,,,,,,,,,,,,,,,,,1207.0,523.0,,,,,,,,,1179.0,510.0
labeled-data,_0,img183.png,1271.0,311.0,,,,,,,,,,,,,,,,,,,,,,,,,,,1240.0,460.0,1210.0,523.0,,,,,,,,,1190.0,511.0
labeled-data,_0,img184.png,,,,,,,,,,,,,,,,,,,,,,,,,,,,,1243.0,461.0,1213.0,523.0,,,,,,,,,1200.0,512.0
labeled-data,_0,img185.png,,,,,,,,,,,,,,,,,,,,,,,,,,,,,1247.0,461.0,1216.0,524.0,,,,,,,,,1210.0,512.0
labeled-data,_0,img186.png,,,,,,,,,,,,,,,,,,,,,,,,,,,,,1252.0,461.0,1221.0,524.0,,,,,,,,,1218.0,512.0
labeled-data,_0,img187.png,,,,,,,,,,,,,,,,,,,,,,,,,,,,,1258.0,462.0,1226.0,524.0,,,,,,,,,1227.0,512.0
labeled-data,_0,img188.png,,,,,,,,,,,,,,,,,,,,,,,,,,,,,1264.0,462.0,1232.0,524.0,,,,,,,,,1234.0,513.0
labeled-data,_0,img189.png,,,,,,,,,,,,,,,,,,,,,,,,,,,,,1270.0,462.0,1237.0,524.0,,,,,,,,,1241.0,513.0
labeled-data,_0,img190.png,,,,,,,,,,,,,,,,,,,,,,,,,,,,,1275.0,462.0,1242.0,522.0,,,,,,,,,,
labeled-data,_0,img191.png,,,,,,,,,,,,,,,,,,,,,,,,,,,,,,,1247.0,519.0,,,,,,,,,,
labeled-data,_0,img192.png,,,,,,,,,,,,,,,,,,,,,,,,,,,,,,,1255.0,516.0,,,,,,,,,,
labeled-data,_0,img193.png,,,,,,,,,,,,,,,,,,,,,,,,,,,,,,,1263.0,513.0,,,,,,,,,,
labeled-data,_0,img194.png,,,,,,,,,,,,,,,,,,,,,,,,,,,,,,,1269.0,511.0,,,,,,,,,,
labeled-data,_0,img195.png,,,,,,,,,,,,,,,,,,,,,,,,,,,,,,,1274.0,510.0,,,,,,,,,,
labeled-data,_0,img196.png,,,,,,,,,,,,,,,,,,,,,,,,,,,,,,,,,,,,,,,,,,
labeled-data,_0,img197.png,,,,,,,,,,,,,,,,,,,,,,,,,,,,,,,,,,,,,,,,,,
labeled-data,_0,img198.png,,,,,,,,,,,,,,,,,,,,,,,,,,,,,,,,,,,,,,,,,,
labeled-data,_0,img199.png,,,,,,,,,,,,,,,,,,,,,,,,,,,,,,,,,,,,,,,,,,
labeled-data,_0,img200.png,,,,,,,,,,,,,,,,,,,,,,,,,,,,,,,,,,,,,,,,,,
